Stats,Last 3,Last 5,Season,League,Last 3 Difference,Last 5 Difference,Season Difference
Dribbles,40,36,34.333333333333336,28.596774193548388,11.403225806451612,7.403225806451612,5.736559139784948
