Stats,Last 3,Last 5,Season,League,Last 3 Difference,Last 5 Difference,Season Difference
Goals,1.3333333333333333,1.6,1.2857142857142858,1.0806451612903225,0.25268817204301075,0.5193548387096776,0.2050691244239633
xG (Expected goals),1.6633333333333333,1.78,1.3914285714285715,1.1951612903225806,0.46817204301075277,0.5848387096774195,0.1962672811059909
Positional attacks,68.33333333333333,71.8,63.57142857142857,69,-0.6666666666666714,2.799999999999997,-5.428571428571431
Counter-attacks,23,21.4,20.285714285714285,17.870967741935484,5.129032258064516,3.5290322580645146,2.4147465437788007
