Stats,Last 3,Last 5,Season,League,Last 3 Difference,Last 5 Difference,Season Difference
Key passes,4.666666666666667,4.4,4,4.354838709677419,0.3118279569892479,0.045161290322581316,-0.35483870967741904
Chances,3.6666666666666665,4.4,3.857142857142857,4,-0.3333333333333335,0.40000000000000036,-0.1428571428571428
Chances successful,1.3333333333333333,1.6,1.2857142857142858,1.0806451612903225,0.25268817204301075,0.5193548387096776,0.2050691244239633
Lost balls,98.66666666666667,99.6,100.28571428571429,106.16129032258064,-7.494623655913969,-6.561290322580646,-5.875576036866349
