Stats,Last 3,Last 5,Season,League,Last 3 Difference,Last 5 Difference,Season Difference
Challenges,179.66666666666666,181.2,176.57142857142858,209.25806451612902,-29.591397849462368,-28.058064516129036,-32.68663594470044
Fouls,13,12.6,11.428571428571429,9.451612903225806,3.548387096774194,3.1483870967741936,1.9769585253456228
Opponent's xG,1.0733333333333333,1.316,1.64,1.8038709677419356,-0.7305376344086023,-0.4878709677419355,-0.16387096774193566
