Stats,Last 3,Last 5,Season,League,Last 3 Difference,Last 5 Difference,Season Difference
Chances,4.666666666666667,3.6,3.3636363636363638,3.898550724637681,0.7681159420289858,-0.29855072463768106,-0.5349143610013174
Dribbles,39.666666666666664,38.8,44.27272727272727,29.91304347826087,9.753623188405793,8.886956521739126,14.359683794466402
Entrances on opponent's half,82,72.8,74.0909090909091,70.94202898550725,11.05797101449275,1.8579710144927475,3.148880105401844
